product_id,product_name,category,price,stock
1,Church Product,Electronics,321.52,399
2,Expect Product,Books,141.14,91
3,Cup Product,Home,369.55,399
4,Deep Product,Electronics,446.63,322
5,Performance Product,Electronics,213.85,67
6,Office Product,Beauty,113.23,328
7,Instead Product,Books,18.14,386
8,Surface Product,Beauty,326.69,234
9,Guy Product,Beauty,114.12,162
10,Term Product,Electronics,405.67,408
11,Run Product,Home,403.88,236
12,Mr Product,Books,173.42,130
13,Tell Product,Sports,478.82,72
14,Suddenly Product,Electronics,50.91,203
15,Us Product,Beauty,424.51,155
16,Speak Product,Home,404.53,255
17,Require Product,Fashion,270.43,60
18,Oil Product,Food,278.26,341
19,System Product,Food,311.17,205
20,Interview Product,Home,290.79,55
21,Item Product,Books,27.68,415
22,Agent Product,Electronics,148.25,457
23,Article Product,Electronics,120.23,214
24,Form Product,Home,142.6,447
25,Opportunity Product,Sports,185.59,201
26,Specific Product,Sports,108.71,379
27,Paper Product,Home,468.64,56
28,Age Product,Books,306.52,293
29,Congress Product,Books,365.92,256
30,Left Product,Home,192.83,372
31,Budget Product,Home,280.69,186
32,Kind Product,Food,422.21,48
33,Affect Product,Electronics,118.38,432
34,Color Product,Sports,161.15,53
35,Eat Product,Beauty,109.44,468
36,Your Product,Books,360.37,355
37,Whatever Product,Home,252.12,254
38,View Product,Books,75.72,146
39,Decide Product,Beauty,373.77,154
40,Very Product,Fashion,374.77,479
41,Leave Product,Sports,293.85,132
42,Baby Product,Books,498.68,280
43,Southern Product,Food,249.29,44
44,Expect Product,Books,431.25,341
45,Apply Product,Home,84.19,236
46,Skin Product,Fashion,300.22,215
47,A Product,Fashion,299.96,290
48,Although Product,Beauty,129.45,460
49,Have Product,Home,471.5,389
50,Ever Product,Beauty,61.7,404
51,Develop Product,Home,137.08,194
52,Staff Product,Fashion,60.22,100
53,Same Product,Home,229.59,468
54,Tax Product,Beauty,361.24,410
55,Itself Product,Electronics,93.43,465
56,Trouble Product,Food,314.52,347
57,Shoulder Product,Books,256.29,98
58,Away Product,Books,190.09,296
59,Guy Product,Beauty,476.98,490
60,Deep Product,Sports,5.28,270
61,Brother Product,Sports,14.64,469
62,Give Product,Food,492.73,177
63,Career Product,Books,123.53,469
64,Onto Product,Electronics,285.84,63
65,Produce Product,Food,367.29,55
66,That Product,Beauty,489.1,412
67,Light Product,Home,67.25,263
68,Rule Product,Books,473.69,155
69,Player Product,Beauty,266.2,236
70,No Product,Beauty,482.36,406
71,Land Product,Books,366.32,385
72,House Product,Home,159.3,352
73,Detail Product,Beauty,189.84,251
74,Success Product,Books,64.9,52
75,Campaign Product,Beauty,172.35,303
76,American Product,Books,118.91,23
77,Medical Product,Home,40.14,50
78,Admit Product,Electronics,118.33,460
79,Conference Product,Beauty,168.56,141
80,Staff Product,Fashion,142.85,129
81,Card Product,Home,271.92,498
82,Tend Product,Beauty,441.78,262
83,Yard Product,Fashion,125.28,433
84,Of Product,Electronics,206.49,69
85,Country Product,Sports,331.2,236
86,Only Product,Food,208.5,393
87,Beyond Product,Home,31.81,350
88,Against Product,Fashion,53.72,392
89,Leader Product,Food,172.95,75
90,Event Product,Books,128.08,294
91,Special Product,Fashion,227.06,113
92,Modern Product,Books,142.88,467
93,Factor Product,Fashion,462.02,433
94,Three Product,Beauty,431.37,70
95,Finally Product,Beauty,30.04,448
96,Respond Product,Electronics,12.31,494
97,Woman Product,Books,378.01,105
98,Action Product,Fashion,206.17,129
99,Bag Product,Electronics,433.0,104
100,Attorney Product,Fashion,192.59,155
101,Success Product,Food,463.63,252
102,Dog Product,Home,146.2,394
103,Situation Product,Beauty,497.73,358
104,Sound Product,Books,360.61,117
105,Yeah Product,Electronics,151.87,316
106,Meeting Product,Electronics,369.19,402
107,Sound Product,Electronics,160.23,319
108,Ground Product,Food,241.01,291
109,Production Product,Beauty,82.93,61
110,Store Product,Electronics,426.41,324
111,Marriage Product,Food,38.64,140
112,Half Product,Beauty,204.87,146
113,Rock Product,Electronics,291.56,337
114,Order Product,Home,45.58,318
115,Physical Product,Sports,284.79,498
116,Morning Product,Home,134.08,386
117,Type Product,Sports,160.52,222
118,Maybe Product,Home,69.78,173
119,Language Product,Food,231.33,499
120,Certain Product,Fashion,40.91,338
121,Item Product,Electronics,499.23,57
122,Despite Product,Beauty,271.13,155
123,Long Product,Sports,70.57,471
124,Son Product,Books,39.05,209
125,Conference Product,Fashion,146.07,446
126,Nice Product,Sports,273.89,333
127,Understand Product,Food,492.01,354
128,Suggest Product,Home,266.83,438
129,Someone Product,Home,279.53,73
130,Security Product,Books,469.77,155
131,Contain Product,Electronics,62.14,400
132,Threat Product,Sports,278.85,164
133,Almost Product,Home,304.39,195
134,Step Product,Home,105.78,456
135,Food Product,Fashion,135.67,148
136,Site Product,Food,453.14,46
137,Option Product,Fashion,50.69,444
138,Decision Product,Electronics,141.96,190
139,Gun Product,Home,386.7,154
140,Year Product,Fashion,84.98,302
141,Quite Product,Beauty,354.31,24
142,Color Product,Home,60.38,482
143,She Product,Electronics,78.78,447
144,Natural Product,Beauty,187.76,95
145,Could Product,Electronics,217.74,177
146,Truth Product,Food,185.5,460
147,Commercial Product,Sports,24.75,127
148,Listen Product,Home,342.62,72
149,Where Product,Beauty,180.07,472
150,Tree Product,Beauty,437.98,403
151,Live Product,Books,81.5,462
152,Later Product,Food,85.44,435
153,Hear Product,Fashion,92.64,32
154,Shake Product,Sports,93.78,420
155,School Product,Food,465.75,362
156,Figure Product,Food,432.71,147
157,Born Product,Food,137.07,379
158,Wall Product,Food,58.51,39
159,Charge Product,Books,430.0,122
160,Fire Product,Fashion,409.21,199
161,Five Product,Food,156.07,466
162,Young Product,Electronics,117.66,357
163,Smile Product,Sports,100.6,162
164,Speech Product,Food,432.85,162
165,Leader Product,Beauty,178.82,224
166,Newspaper Product,Food,341.36,294
167,Approach Product,Electronics,168.92,79
168,Support Product,Sports,439.13,111
169,Education Product,Sports,292.39,39
170,Rock Product,Fashion,58.66,196
171,Fill Product,Sports,365.63,243
172,Green Product,Beauty,305.07,79
173,Son Product,Beauty,195.67,117
174,Together Product,Home,131.09,243
175,Often Product,Food,5.84,295
176,It Product,Home,344.99,397
177,Start Product,Sports,336.96,240
178,Age Product,Home,39.64,491
179,Prove Product,Sports,168.45,359
180,Action Product,Home,424.77,480
181,Somebody Product,Sports,153.66,361
182,Standard Product,Fashion,207.15,376
183,Someone Product,Books,151.35,118
184,Peace Product,Fashion,213.12,366
185,Take Product,Books,375.33,335
186,Medical Product,Fashion,286.71,300
187,Well Product,Sports,417.69,166
188,Success Product,Food,109.04,316
189,Turn Product,Sports,305.3,258
190,Too Product,Home,223.68,129
191,Everyone Product,Food,258.03,481
192,Physical Product,Home,480.12,106
193,Me Product,Sports,331.13,283
194,Eat Product,Beauty,333.61,191
195,A Product,Food,51.23,140
196,Month Product,Books,338.03,432
197,Explain Product,Electronics,103.57,43
198,Authority Product,Fashion,126.2,332
199,Seven Product,Electronics,425.62,253
200,Car Product,Home,210.15,314
201,Look Product,Home,101.25,216
202,Half Product,Books,249.72,95
203,Cold Product,Electronics,329.75,477
204,Open Product,Food,376.73,473
205,Ahead Product,Fashion,57.76,132
206,Moment Product,Home,92.06,285
207,Base Product,Beauty,234.95,147
208,Go Product,Electronics,459.15,253
209,Several Product,Fashion,71.0,361
210,Easy Product,Beauty,267.91,324
211,Attack Product,Food,162.06,476
212,There Product,Food,224.07,388
213,Build Product,Fashion,446.55,445
214,Billion Product,Fashion,453.89,479
215,Him Product,Food,83.78,263
216,Near Product,Food,227.78,146
217,Tell Product,Sports,420.73,412
218,Set Product,Fashion,389.95,340
219,Quality Product,Fashion,123.43,59
220,Will Product,Books,358.2,159
221,Painting Product,Beauty,171.24,61
222,Issue Product,Books,73.5,216
223,Near Product,Home,348.51,129
224,Special Product,Fashion,36.79,189
225,Young Product,Fashion,273.59,51
226,Or Product,Fashion,107.38,219
227,Just Product,Beauty,452.9,376
228,Doctor Product,Food,14.67,314
229,Down Product,Electronics,193.29,200
230,Big Product,Fashion,152.81,456
231,Practice Product,Food,446.36,234
232,Point Product,Home,271.42,299
233,Public Product,Books,400.93,269
234,Six Product,Fashion,113.61,268
235,Discuss Product,Sports,19.37,362
236,Stuff Product,Fashion,341.18,390
237,School Product,Fashion,86.7,490
238,Staff Product,Beauty,68.18,293
239,Tv Product,Fashion,18.35,323
240,Front Product,Electronics,284.37,62
241,Today Product,Books,323.16,463
242,People Product,Electronics,233.54,153
243,Coach Product,Books,192.66,252
244,Development Product,Food,166.79,470
245,Brother Product,Food,192.67,445
246,Note Product,Food,213.67,61
247,Boy Product,Home,237.8,296
248,Too Product,Sports,30.78,134
249,Foreign Product,Food,326.82,353
250,City Product,Electronics,24.93,146
251,Reduce Product,Electronics,103.68,338
252,Create Product,Books,80.43,262
253,Whose Product,Beauty,336.38,131
254,House Product,Sports,235.19,412
255,Positive Product,Beauty,187.6,330
256,Usually Product,Home,482.05,78
257,Bed Product,Books,390.01,179
258,Record Product,Electronics,58.51,495
259,Traditional Product,Home,159.42,484
260,Debate Product,Fashion,479.3,386
261,School Product,Beauty,103.17,373
262,Hundred Product,Books,416.13,72
263,Within Product,Sports,350.11,455
264,All Product,Food,343.71,81
265,Home Product,Beauty,399.13,420
266,Food Product,Beauty,25.33,239
267,Inside Product,Electronics,332.45,279
268,Cup Product,Electronics,325.53,454
269,Point Product,Fashion,212.93,74
270,Individual Product,Sports,219.59,345
271,Enjoy Product,Fashion,446.33,382
272,True Product,Books,80.73,395
273,Response Product,Home,263.26,158
274,Woman Product,Beauty,309.88,416
275,House Product,Fashion,244.33,442
276,Why Product,Sports,366.86,185
277,Throw Product,Food,426.6,498
278,So Product,Fashion,47.9,144
279,Business Product,Beauty,376.49,332
280,Understand Product,Sports,335.75,34
281,Similar Product,Sports,249.68,113
282,Wife Product,Sports,246.34,428
283,Generation Product,Sports,132.88,470
284,Sea Product,Sports,300.1,304
285,Challenge Product,Books,10.02,63
286,Hair Product,Fashion,124.47,270
287,Pay Product,Books,279.81,373
288,Interest Product,Home,240.67,271
289,Respond Product,Electronics,226.85,67
290,Help Product,Fashion,150.65,374
291,People Product,Home,125.44,317
292,Paper Product,Beauty,187.67,291
293,Attention Product,Home,175.16,301
294,Well Product,Home,168.74,252
295,Sometimes Product,Sports,139.1,138
296,Quickly Product,Books,64.72,181
297,Experience Product,Beauty,64.18,410
298,Low Product,Books,346.63,130
299,Real Product,Sports,370.61,390
300,Everything Product,Food,296.85,288
